{"version": "1", "message": "ERROR: Hidden Testcases server unreachable.", "problem_id": "ads2_m16_a1_1", "user_id": "kranthi27", "score": {"sample": {"0": {"execution_time": 0.44614315032958984, "passed": true}, "1": {"execution_time": 0.617516040802002, "passed": true}, "2": {"execution_time": 1.0092988014221191, "passed": true}, "3": {"execution_time": 0.8374934196472168, "passed": true}, "4": {"execution_time": 0.9153470993041992, "passed": true}, "5": {"execution_time": 0.8680229187011719, "passed": true}, "6": {"execution_time": 0.708524227142334, "passed": true}, "7": {"execution_time": 0.8462839126586914, "passed": true}, "8": {"execution_time": 0.7187776565551758, "passed": true}, "9": {"execution_time": 0.8265707492828369, "passed": true}, "10": {"execution_time": 0.7839274406433105, "passed": true}, "11": {"execution_time": 3.8969898223876953, "passed": true}, "12": {"execution_time": 0.9698014259338379, "passed": true}, "13": {"execution_time": 0.5431241989135742, "passed": true}, "14": {"execution_time": 0.872326135635376, "passed": true}, "15": {"execution_time": 0.9571263790130615, "passed": true}, "16": {"execution_time": 0.6844513416290283, "passed": true}, "17": {"execution_time": 0.6613435745239258, "passed": true}, "18": {"execution_time": 0.5001819133758545, "passed": true}, "19": {"execution_time": 0.582355260848999, "passed": true}, "20": {"execution_time": 0.5955743789672852, "passed": true}, "21": {"execution_time": 0.7117526531219482, "passed": true}, "22": {"execution_time": 0.610741138458252, "passed": true}, "23": {"execution_time": 0.6576931476593018, "passed": true}, "24": {"execution_time": 0.6775557994842529, "passed": true}, "25": {"execution_time": 0.8407058715820312, "passed": true}, "26": {"execution_time": 0.9448103904724121, "passed": true}, "27": {"execution_time": 0.9486582279205322, "passed": true}, "28": {"execution_time": 1.2010023593902588, "passed": true}, "29": {"execution_time": 0.6206612586975098, "passed": true}}}, "check_style_score": "0/1"}