{"version": "1", "message": "ERROR: Hidden Testcases server unreachable.", "problem_id": "ads2_m16_a1_1", "user_id": "kranthi27", "score": {"sample": {"0": {"execution_time": 1.3909885883331299, "passed": true}, "1": {"execution_time": 0.4964883327484131, "passed": true}, "2": {"execution_time": 1.0581212043762207, "passed": true}, "3": {"execution_time": 0.9489932060241699, "passed": true}, "4": {"execution_time": 0.9249069690704346, "passed": true}, "5": {"execution_time": 0.8985271453857422, "passed": true}, "6": {"execution_time": 0.8064720630645752, "passed": true}, "7": {"execution_time": 0.9550671577453613, "passed": true}, "8": {"execution_time": 0.773245096206665, "passed": true}, "9": {"execution_time": 1.041882038116455, "passed": true}, "10": {"execution_time": 0.8434498310089111, "passed": true}, "11": {"execution_time": 4.11841344833374, "passed": true}, "12": {"execution_time": 0.8943448066711426, "passed": true}, "13": {"execution_time": 0.6522130966186523, "passed": true}, "14": {"execution_time": 0.8293886184692383, "passed": true}, "15": {"execution_time": 0.7881467342376709, "passed": true}, "16": {"execution_time": 0.7714767456054688, "passed": true}, "17": {"execution_time": 0.8040523529052734, "passed": true}, "18": {"execution_time": 0.651669979095459, "passed": true}, "19": {"execution_time": 0.7849447727203369, "passed": true}, "20": {"execution_time": 0.7393538951873779, "passed": true}, "21": {"execution_time": 0.6258914470672607, "passed": true}, "22": {"execution_time": 0.6043286323547363, "passed": true}, "23": {"execution_time": 0.5443887710571289, "passed": true}, "24": {"execution_time": 0.434215784072876, "passed": true}, "25": {"execution_time": 0.9979066848754883, "passed": true}, "26": {"execution_time": 1.268847942352295, "passed": true}, "27": {"execution_time": 1.4126441478729248, "passed": true}, "28": {"execution_time": 1.9334115982055664, "passed": true}, "29": {"execution_time": 0.6133322715759277, "passed": true}}}, "check_style_score": "0/1"}