{"version": "1", "message": "ERROR: Hidden Testcases server unreachable.", "problem_id": "ads2_m16_a1_1", "user_id": "kranthi27", "score": {"sample": {"0": {"execution_time": 0.7537612915039062, "passed": false}, "1": {"execution_time": 0.26272153854370117, "passed": false}, "2": {"execution_time": 0.4668710231781006, "passed": false}, "3": {"execution_time": 0.40586233139038086, "passed": false}, "4": {"execution_time": 0.3841407299041748, "passed": false}, "5": {"execution_time": 0.38933515548706055, "passed": false}, "6": {"execution_time": 0.38086438179016113, "passed": false}, "7": {"execution_time": 0.5689499378204346, "passed": false}, "8": {"execution_time": 0.3724691867828369, "passed": false}, "9": {"execution_time": 0.3682982921600342, "passed": false}, "10": {"execution_time": 0.39173054695129395, "passed": false}, "11": {"execution_time": 0.21862506866455078, "passed": false}, "12": {"execution_time": 0.36919474601745605, "passed": false}, "13": {"execution_time": 0.2595381736755371, "passed": false}, "14": {"execution_time": 0.3809077739715576, "passed": false}, "15": {"execution_time": 0.3855311870574951, "passed": false}, "16": {"execution_time": 0.36866116523742676, "passed": false}, "17": {"execution_time": 0.24956679344177246, "passed": false}, "18": {"execution_time": 0.2788691520690918, "passed": false}, "19": {"execution_time": 0.28482580184936523, "passed": false}, "20": {"execution_time": 0.2795102596282959, "passed": false}, "21": {"execution_time": 0.2743825912475586, "passed": false}, "22": {"execution_time": 0.26291680335998535, "passed": false}, "23": {"execution_time": 0.25801706314086914, "passed": false}, "24": {"execution_time": 0.21668672561645508, "passed": false}, "25": {"execution_time": 0.41095972061157227, "passed": false}, "26": {"execution_time": 0.4245600700378418, "passed": false}, "27": {"execution_time": 0.49657559394836426, "passed": false}, "28": {"execution_time": 0.6977064609527588, "passed": false}, "29": {"execution_time": 0.46866941452026367, "passed": false}}}, "check_style_score": "0/1"}