{"version": "1", "message": "ERROR: Hidden Testcases server unreachable.", "problem_id": "ads2_m16_a1_1", "user_id": "kranthi27", "score": {"sample": {"0": {"execution_time": 0.3070976734161377, "passed": true}, "1": {"execution_time": 0.28971266746520996, "passed": true}, "2": {"execution_time": 0.5546653270721436, "passed": true}, "3": {"execution_time": 0.5634307861328125, "passed": true}, "4": {"execution_time": 0.5619745254516602, "passed": true}, "5": {"execution_time": 0.5780763626098633, "passed": true}, "6": {"execution_time": 0.553316593170166, "passed": true}, "7": {"execution_time": 0.5425429344177246, "passed": true}, "8": {"execution_time": 0.32621169090270996, "passed": true}, "9": {"execution_time": 0.617600679397583, "passed": true}, "10": {"execution_time": 0.5615580081939697, "passed": true}, "11": {"execution_time": 3.5684831142425537, "passed": true}, "12": {"execution_time": 0.5667610168457031, "passed": true}, "13": {"execution_time": 0.282102108001709, "passed": true}, "14": {"execution_time": 0.5460541248321533, "passed": true}, "15": {"execution_time": 0.5642988681793213, "passed": true}, "16": {"execution_time": 0.3119192123413086, "passed": true}, "17": {"execution_time": 0.3952970504760742, "passed": true}, "18": {"execution_time": 0.3328218460083008, "passed": true}, "19": {"execution_time": 0.3348658084869385, "passed": true}, "20": {"execution_time": 0.34064793586730957, "passed": true}, "21": {"execution_time": 0.27135753631591797, "passed": true}, "22": {"execution_time": 0.30431199073791504, "passed": true}, "23": {"execution_time": 0.3155248165130615, "passed": true}, "24": {"execution_time": 0.22422385215759277, "passed": true}, "25": {"execution_time": 0.584937334060669, "passed": true}, "26": {"execution_time": 0.5147857666015625, "passed": true}, "27": {"execution_time": 0.5766489505767822, "passed": true}, "28": {"execution_time": 0.8729467391967773, "passed": true}, "29": {"execution_time": 0.23410534858703613, "passed": false}}}, "check_style_score": "0/1"}