{"version": "1", "message": "ERROR: Hidden Testcases server unreachable.", "problem_id": "ads2_m16_a1_1", "user_id": "kranthi27", "score": {"sample": {"0": {"execution_time": 0.3443460464477539, "passed": true}, "1": {"execution_time": 0.3484315872192383, "passed": true}, "2": {"execution_time": 0.6039857864379883, "passed": true}, "3": {"execution_time": 0.5682153701782227, "passed": true}, "4": {"execution_time": 0.5594885349273682, "passed": true}, "5": {"execution_time": 0.6477036476135254, "passed": true}, "6": {"execution_time": 0.735393762588501, "passed": true}, "7": {"execution_time": 0.6055352687835693, "passed": true}, "8": {"execution_time": 0.39308619499206543, "passed": true}, "9": {"execution_time": 0.5924780368804932, "passed": true}, "10": {"execution_time": 0.5899252891540527, "passed": true}, "11": {"execution_time": 3.6381149291992188, "passed": true}, "12": {"execution_time": 0.6163747310638428, "passed": true}, "13": {"execution_time": 0.35543322563171387, "passed": true}, "14": {"execution_time": 0.5839903354644775, "passed": true}, "15": {"execution_time": 0.6679632663726807, "passed": true}, "16": {"execution_time": 0.3769867420196533, "passed": true}, "17": {"execution_time": 0.37146472930908203, "passed": true}, "18": {"execution_time": 0.390519380569458, "passed": true}, "19": {"execution_time": 0.39593505859375, "passed": true}, "20": {"execution_time": 0.40854597091674805, "passed": true}, "21": {"execution_time": 0.3916909694671631, "passed": true}, "22": {"execution_time": 0.4226043224334717, "passed": true}, "23": {"execution_time": 0.38852739334106445, "passed": true}, "24": {"execution_time": 0.320284366607666, "passed": true}, "25": {"execution_time": 0.6860527992248535, "passed": true}, "26": {"execution_time": 0.5888535976409912, "passed": true}, "27": {"execution_time": 0.6608936786651611, "passed": true}, "28": {"execution_time": 0.9427111148834229, "passed": true}, "29": {"execution_time": 0.31607890129089355, "passed": true}}}, "check_style_score": "0/1"}