{"version": "1", "message": "ERROR: Hidden Testcases server unreachable.", "problem_id": "ads2_m16_a1_1", "user_id": "kranthi27", "score": {"sample": {"0": {"execution_time": 1.0528450012207031, "passed": false}, "1": {"execution_time": 0.5468974113464355, "passed": false}, "2": {"execution_time": 1.5510568618774414, "passed": false}, "3": {"execution_time": 1.3441698551177979, "passed": false}, "4": {"execution_time": 1.229360818862915, "passed": false}, "5": {"execution_time": 1.3343782424926758, "passed": false}, "6": {"execution_time": 1.256636142730713, "passed": false}, "7": {"execution_time": 1.3479342460632324, "passed": false}, "8": {"execution_time": 0.5717566013336182, "passed": false}, "9": {"execution_time": 1.4762651920318604, "passed": false}, "10": {"execution_time": 1.071143388748169, "passed": false}, "11": {"execution_time": 0.41652560234069824, "passed": false}, "12": {"execution_time": 1.3386642932891846, "passed": false}, "13": {"execution_time": 0.5916440486907959, "passed": true}, "14": {"execution_time": 1.476548194885254, "passed": false}, "15": {"execution_time": 1.3656682968139648, "passed": false}, "16": {"execution_time": 0.6303257942199707, "passed": false}, "17": {"execution_time": 0.6114823818206787, "passed": false}, "18": {"execution_time": 0.4916214942932129, "passed": false}, "19": {"execution_time": 0.545006275177002, "passed": false}, "20": {"execution_time": 0.6943261623382568, "passed": false}, "21": {"execution_time": 0.5411171913146973, "passed": false}, "22": {"execution_time": 0.5944218635559082, "passed": false}, "23": {"execution_time": 0.6572186946868896, "passed": false}, "24": {"execution_time": 0.3471105098724365, "passed": true}, "25": {"execution_time": 1.0558247566223145, "passed": false}, "26": {"execution_time": 1.258723497390747, "passed": false}, "27": {"execution_time": 1.5492010116577148, "passed": false}, "28": {"execution_time": 1.9250962734222412, "passed": false}, "29": {"execution_time": 0.6932151317596436, "passed": false}}}, "check_style_score": "0/1"}