{"version": "1", "message": "ERROR: Hidden Testcases server unreachable.", "problem_id": "ads2_m2_a1_1", "user_id": "kranthi27", "score": {"sample": {"0": {"execution_time": 0.23827290534973145, "passed": false}, "1": {"execution_time": 0.18469452857971191, "passed": false}, "2": {"execution_time": 0.1533951759338379, "passed": true}, "3": {"execution_time": 0.18483328819274902, "passed": true}, "4": {"execution_time": 0.2380976676940918, "passed": true}, "5": {"execution_time": 0.18491768836975098, "passed": false}, "6": {"execution_time": 0.3110496997833252, "passed": true}, "7": {"execution_time": 0.2381281852722168, "passed": true}, "8": {"execution_time": 0.16920256614685059, "passed": true}, "9": {"execution_time": 0.2320117950439453, "passed": true}, "10": {"execution_time": 0.1693558692932129, "passed": true}, "11": {"execution_time": 0.20042848587036133, "passed": true}, "12": {"execution_time": 0.16922378540039062, "passed": true}, "13": {"execution_time": 0.21634626388549805, "passed": false}, "14": {"execution_time": 0.16954588890075684, "passed": true}, "15": {"execution_time": 0.21607184410095215, "passed": false}, "16": {"execution_time": 0.1846621036529541, "passed": true}, "17": {"execution_time": 0.23182916641235352, "passed": true}, "18": {"execution_time": 0.20049381256103516, "passed": true}, "19": {"execution_time": 0.2694072723388672, "passed": true}, "20": {"execution_time": 0.3010437488555908, "passed": true}, "21": {"execution_time": 0.18485498428344727, "passed": true}, "22": {"execution_time": 0.2688930034637451, "passed": true}, "23": {"execution_time": 0.21627306938171387, "passed": true}}}, "check_style_score": "0/1"}