{"version": "1", "message": "ERROR: Hidden Testcases server unreachable.", "problem_id": "ads2_m2_a1_1", "user_id": "kranthi27", "score": {"sample": {"0": {"execution_time": 1.1505792140960693, "passed": false}, "1": {"execution_time": 0.16269874572753906, "passed": false}, "2": {"execution_time": 0.21586966514587402, "passed": true}, "3": {"execution_time": 0.18492603302001953, "passed": true}, "4": {"execution_time": 0.3011288642883301, "passed": true}, "5": {"execution_time": 0.16918158531188965, "passed": false}, "6": {"execution_time": 0.200819730758667, "passed": true}, "7": {"execution_time": 0.1848917007446289, "passed": true}, "8": {"execution_time": 0.20011425018310547, "passed": true}, "9": {"execution_time": 0.25415825843811035, "passed": true}, "10": {"execution_time": 0.21612334251403809, "passed": true}, "11": {"execution_time": 0.16294217109680176, "passed": true}, "12": {"execution_time": 0.21647191047668457, "passed": true}, "13": {"execution_time": 0.20047450065612793, "passed": false}, "14": {"execution_time": 0.1536998748779297, "passed": true}, "15": {"execution_time": 0.2314620018005371, "passed": false}, "16": {"execution_time": 0.3476834297180176, "passed": true}, "17": {"execution_time": 0.4672830104827881, "passed": true}, "18": {"execution_time": 0.23781847953796387, "passed": true}, "19": {"execution_time": 0.2010023593902588, "passed": true}, "20": {"execution_time": 0.24712610244750977, "passed": true}, "21": {"execution_time": 0.21600127220153809, "passed": true}, "22": {"execution_time": 0.23165631294250488, "passed": true}, "23": {"execution_time": 0.247206449508667, "passed": true}}}, "check_style_score": "0/1"}