{"version": "1", "message": "ERROR: Hidden Testcases server unreachable.", "problem_id": "ads2_m2_a1_1", "user_id": "kranthi27", "score": {"sample": {"0": {"execution_time": 0.3853585720062256, "passed": true}, "1": {"execution_time": 0.28266048431396484, "passed": true}, "2": {"execution_time": 0.3162562847137451, "passed": true}, "3": {"execution_time": 0.38672327995300293, "passed": true}, "4": {"execution_time": 0.3362772464752197, "passed": true}, "5": {"execution_time": 0.3907465934753418, "passed": true}, "6": {"execution_time": 0.25116443634033203, "passed": true}, "7": {"execution_time": 0.3920891284942627, "passed": true}, "8": {"execution_time": 0.3722383975982666, "passed": true}, "9": {"execution_time": 0.4465780258178711, "passed": true}, "10": {"execution_time": 0.29355549812316895, "passed": true}, "11": {"execution_time": 0.3809795379638672, "passed": true}, "12": {"execution_time": 0.3661501407623291, "passed": true}, "13": {"execution_time": 0.3282585144042969, "passed": true}, "14": {"execution_time": 0.37337398529052734, "passed": true}, "15": {"execution_time": 0.34975242614746094, "passed": true}, "16": {"execution_time": 0.27605247497558594, "passed": true}, "17": {"execution_time": 0.375840425491333, "passed": true}, "18": {"execution_time": 0.4319636821746826, "passed": true}, "19": {"execution_time": 0.5461487770080566, "passed": true}, "20": {"execution_time": 0.3534841537475586, "passed": true}, "21": {"execution_time": 0.327038049697876, "passed": true}, "22": {"execution_time": 0.4470531940460205, "passed": true}, "23": {"execution_time": 0.5660653114318848, "passed": true}}}, "check_style_score": "0/1"}