{"version": "1", "message": "ERROR: Hidden Testcases server unreachable.", "problem_id": "ads2_m6_a1_1", "user_id": "kranthi27", "score": {"sample": {"0": {"execution_time": 0.7072808742523193, "passed": false}, "1": {"execution_time": 0.5383832454681396, "passed": false}, "2": {"execution_time": 0.7119686603546143, "passed": false}, "3": {"execution_time": 0.4489328861236572, "passed": false}, "4": {"execution_time": 0.5257179737091064, "passed": true}, "5": {"execution_time": 0.6571896076202393, "passed": false}, "6": {"execution_time": 0.6163463592529297, "passed": true}, "7": {"execution_time": 0.5401403903961182, "passed": false}, "8": {"execution_time": 0.5578479766845703, "passed": true}, "9": {"execution_time": 0.5471768379211426, "passed": true}, "10": {"execution_time": 0.5611145496368408, "passed": true}, "11": {"execution_time": 0.5226089954376221, "passed": false}}}, "check_style_score": "0/1"}