{"version": "1", "message": "ERROR: Hidden Testcases server unreachable.", "problem_id": "ads2_m6_a1_1", "user_id": "kranthi27", "score": {"sample": {"0": {"execution_time": 0.5717959403991699, "passed": false}, "1": {"execution_time": 0.2970750331878662, "passed": false}, "2": {"execution_time": 0.2944068908691406, "passed": false}, "3": {"execution_time": 0.30664706230163574, "passed": false}, "4": {"execution_time": 0.32954859733581543, "passed": false}, "5": {"execution_time": 0.3002901077270508, "passed": false}, "6": {"execution_time": 0.30069732666015625, "passed": true}, "7": {"execution_time": 0.2710905075073242, "passed": false}, "8": {"execution_time": 0.33013296127319336, "passed": false}, "9": {"execution_time": 0.25098252296447754, "passed": false}, "10": {"execution_time": 0.31951379776000977, "passed": true}, "11": {"execution_time": 0.29447102546691895, "passed": false}}}, "check_style_score": "0/1"}