{"version": "1", "message": "ERROR: Hidden Testcases server unreachable.", "problem_id": "ads2_m6_a1_1", "user_id": "kranthi27", "score": {"sample": {"0": {"execution_time": 0.43253350257873535, "passed": false}, "1": {"execution_time": 0.4189445972442627, "passed": false}, "2": {"execution_time": 0.5468368530273438, "passed": false}, "3": {"execution_time": 0.45940399169921875, "passed": false}, "4": {"execution_time": 0.5521676540374756, "passed": false}, "5": {"execution_time": 0.4888322353363037, "passed": false}, "6": {"execution_time": 0.5323071479797363, "passed": false}, "7": {"execution_time": 0.6411197185516357, "passed": false}, "8": {"execution_time": 0.5674521923065186, "passed": false}, "9": {"execution_time": 0.3725740909576416, "passed": false}, "10": {"execution_time": 0.45244288444519043, "passed": false}, "11": {"execution_time": 0.44777846336364746, "passed": false}}}, "check_style_score": "0/1"}