{"version": "1", "message": "ERROR: Hidden Testcases server unreachable.", "problem_id": "ads2_m6_a1_1", "user_id": "kranthi27", "score": {"sample": {"0": {"execution_time": 0.5643706321716309, "passed": false}, "1": {"execution_time": 0.5412778854370117, "passed": false}, "2": {"execution_time": 0.48676276206970215, "passed": false}, "3": {"execution_time": 0.6018908023834229, "passed": false}, "4": {"execution_time": 0.5780351161956787, "passed": false}, "5": {"execution_time": 0.48783302307128906, "passed": false}, "6": {"execution_time": 0.3922920227050781, "passed": false}, "7": {"execution_time": 0.5481390953063965, "passed": false}, "8": {"execution_time": 0.3481740951538086, "passed": false}, "9": {"execution_time": 0.4863712787628174, "passed": false}, "10": {"execution_time": 0.4396688938140869, "passed": false}, "11": {"execution_time": 0.47978830337524414, "passed": false}}}, "check_style_score": "0/1"}