{"version": "1", "message": "ERROR: Hidden Testcases server unreachable.", "problem_id": "ads2_m6_a1_1", "user_id": "kranthi27", "score": {"sample": {"0": {"execution_time": 0.3447251319885254, "passed": false}, "1": {"execution_time": 0.33684229850769043, "passed": false}, "2": {"execution_time": 0.33342695236206055, "passed": false}, "3": {"execution_time": 0.2931849956512451, "passed": false}, "4": {"execution_time": 0.38341760635375977, "passed": false}, "5": {"execution_time": 0.3757772445678711, "passed": false}, "6": {"execution_time": 0.37184882164001465, "passed": true}, "7": {"execution_time": 0.26801514625549316, "passed": false}, "8": {"execution_time": 0.3212614059448242, "passed": false}, "9": {"execution_time": 0.3610198497772217, "passed": false}, "10": {"execution_time": 0.30649232864379883, "passed": true}, "11": {"execution_time": 0.2536587715148926, "passed": false}}}, "check_style_score": "0/1"}