{"version": "1", "message": "ERROR: Hidden Testcases server unreachable.", "problem_id": "ads2_m6_a1_1", "user_id": "kranthi27", "score": {"sample": {"0": {"execution_time": 0.6008946895599365, "passed": false}, "1": {"execution_time": 0.5155868530273438, "passed": false}, "2": {"execution_time": 0.46888041496276855, "passed": false}, "3": {"execution_time": 0.5345420837402344, "passed": false}, "4": {"execution_time": 0.4616248607635498, "passed": false}, "5": {"execution_time": 0.4436991214752197, "passed": false}, "6": {"execution_time": 0.41145801544189453, "passed": false}, "7": {"execution_time": 0.49884891510009766, "passed": false}, "8": {"execution_time": 0.32009434700012207, "passed": false}, "9": {"execution_time": 0.4354403018951416, "passed": false}, "10": {"execution_time": 0.3830721378326416, "passed": false}, "11": {"execution_time": 0.4539344310760498, "passed": false}}}, "check_style_score": "0/1"}