{"version": "1", "message": "ERROR: Hidden Testcases server unreachable.", "problem_id": "ads2_m6_a1_1", "user_id": "kranthi27", "score": {"sample": {"0": {"execution_time": 0.40840744972229004, "passed": false}, "1": {"execution_time": 0.4702422618865967, "passed": false}, "2": {"execution_time": 0.48777318000793457, "passed": false}, "3": {"execution_time": 0.490236759185791, "passed": false}, "4": {"execution_time": 0.46933674812316895, "passed": false}, "5": {"execution_time": 0.5011062622070312, "passed": false}, "6": {"execution_time": 0.5537850856781006, "passed": false}, "7": {"execution_time": 0.41217851638793945, "passed": false}, "8": {"execution_time": 0.4252500534057617, "passed": false}, "9": {"execution_time": 0.40528297424316406, "passed": false}, "10": {"execution_time": 0.22485756874084473, "passed": false}, "11": {"execution_time": 0.3654594421386719, "passed": false}}}, "check_style_score": "0/1"}