{"version": "1", "message": "ERROR: Hidden Testcases server unreachable.", "problem_id": "ads2_m6_a1_1", "user_id": "kranthi27", "score": {"sample": {"0": {"execution_time": 0.5832710266113281, "passed": false}, "1": {"execution_time": 0.49997377395629883, "passed": false}, "2": {"execution_time": 0.4758012294769287, "passed": false}, "3": {"execution_time": 0.5133101940155029, "passed": false}, "4": {"execution_time": 0.49894261360168457, "passed": false}, "5": {"execution_time": 0.3598325252532959, "passed": false}, "6": {"execution_time": 0.5582253932952881, "passed": false}, "7": {"execution_time": 0.3639373779296875, "passed": false}, "8": {"execution_time": 0.42882227897644043, "passed": false}, "9": {"execution_time": 0.4559900760650635, "passed": false}, "10": {"execution_time": 0.2471170425415039, "passed": false}, "11": {"execution_time": 0.37412428855895996, "passed": false}}}, "check_style_score": "0/1"}