{"version": "1", "message": "ERROR: Hidden Testcases server unreachable.", "problem_id": "ads2_m6_a1_1", "user_id": "kranthi27", "score": {"sample": {"0": {"execution_time": 1.102245807647705, "passed": false}, "1": {"execution_time": 0.6116037368774414, "passed": false}, "2": {"execution_time": 0.6695408821105957, "passed": false}, "3": {"execution_time": 0.5994992256164551, "passed": false}, "4": {"execution_time": 0.599489688873291, "passed": false}, "5": {"execution_time": 0.5376706123352051, "passed": false}, "6": {"execution_time": 0.6383669376373291, "passed": false}, "7": {"execution_time": 0.48057103157043457, "passed": false}, "8": {"execution_time": 0.5769872665405273, "passed": false}, "9": {"execution_time": 0.37189197540283203, "passed": false}, "10": {"execution_time": 0.5021090507507324, "passed": false}, "11": {"execution_time": 0.5022428035736084, "passed": false}}}, "check_style_score": "0/1"}