{"version": "1", "message": "ERROR: Hidden Testcases server unreachable.", "problem_id": "ads2_m4_a1_1", "user_id": "kranthi27", "score": {"sample": {"0": {"execution_time": 0.2251579761505127, "passed": false}, "1": {"execution_time": 0.20173168182373047, "passed": false}, "2": {"execution_time": 0.23262238502502441, "passed": false}, "3": {"execution_time": 0.21607017517089844, "passed": false}, "4": {"execution_time": 0.2132740020751953, "passed": false}, "5": {"execution_time": 0.2616555690765381, "passed": false}, "6": {"execution_time": 0.24888396263122559, "passed": false}, "7": {"execution_time": 0.24677228927612305, "passed": false}, "8": {"execution_time": 0.19913291931152344, "passed": false}, "9": {"execution_time": 0.19365572929382324, "passed": false}, "10": {"execution_time": 0.21593284606933594, "passed": false}, "11": {"execution_time": 0.19280648231506348, "passed": true}, "12": {"execution_time": 0.17964625358581543, "passed": true}, "13": {"execution_time": 0.1945188045501709, "passed": false}, "14": {"execution_time": 0.19399094581604004, "passed": false}}}, "check_style_score": "0/1"}