{"version": "1", "message": "ERROR: Hidden Testcases server unreachable.", "problem_id": "ads2_m4_a1_1", "user_id": "kranthi27", "score": {"sample": {"0": {"execution_time": 0.17897439002990723, "passed": false}, "1": {"execution_time": 0.1774299144744873, "passed": false}, "2": {"execution_time": 0.20314431190490723, "passed": false}, "3": {"execution_time": 0.19344568252563477, "passed": false}, "4": {"execution_time": 0.22326183319091797, "passed": false}, "5": {"execution_time": 0.1941390037536621, "passed": false}, "6": {"execution_time": 0.19703269004821777, "passed": false}, "7": {"execution_time": 0.1814258098602295, "passed": false}, "8": {"execution_time": 0.20269989967346191, "passed": false}, "9": {"execution_time": 0.19658374786376953, "passed": false}, "10": {"execution_time": 0.20312881469726562, "passed": false}, "11": {"execution_time": 0.18385887145996094, "passed": true}, "12": {"execution_time": 0.15064549446105957, "passed": true}, "13": {"execution_time": 0.22900128364562988, "passed": false}, "14": {"execution_time": 0.19473838806152344, "passed": false}}}, "check_style_score": "0/1"}