{"version": "1", "message": "ERROR: Hidden Testcases server unreachable.", "problem_id": "ads2_m4_a1_1", "user_id": "kranthi27", "score": {"sample": {"0": {"execution_time": 0.40099167823791504, "passed": false}, "1": {"execution_time": 0.26319313049316406, "passed": false}, "2": {"execution_time": 0.2423257827758789, "passed": false}, "3": {"execution_time": 0.26747870445251465, "passed": false}, "4": {"execution_time": 0.21628665924072266, "passed": false}, "5": {"execution_time": 0.2026679515838623, "passed": false}, "6": {"execution_time": 0.17022967338562012, "passed": false}, "7": {"execution_time": 0.21030235290527344, "passed": false}, "8": {"execution_time": 0.22070670127868652, "passed": false}, "9": {"execution_time": 0.20163416862487793, "passed": false}, "10": {"execution_time": 0.18508434295654297, "passed": false}, "11": {"execution_time": 0.15944170951843262, "passed": true}, "12": {"execution_time": 0.15306949615478516, "passed": true}, "13": {"execution_time": 0.2631504535675049, "passed": false}, "14": {"execution_time": 0.21744656562805176, "passed": false}}}, "check_style_score": "0/1"}