{"version": "1", "message": "ERROR: Hidden Testcases server unreachable.", "problem_id": "ads2_m4_a1_1", "user_id": "kranthi27", "score": {"sample": {"0": {"execution_time": 0.4294407367706299, "passed": true}, "1": {"execution_time": 0.24872517585754395, "passed": false}, "2": {"execution_time": 0.2503471374511719, "passed": false}, "3": {"execution_time": 0.29542064666748047, "passed": false}, "4": {"execution_time": 0.18980669975280762, "passed": false}, "5": {"execution_time": 0.2510073184967041, "passed": false}, "6": {"execution_time": 0.2664804458618164, "passed": false}, "7": {"execution_time": 0.283646821975708, "passed": false}, "8": {"execution_time": 0.25831079483032227, "passed": true}, "9": {"execution_time": 0.33379268646240234, "passed": false}, "10": {"execution_time": 0.34612488746643066, "passed": false}, "11": {"execution_time": 0.26363325119018555, "passed": false}, "12": {"execution_time": 0.378767728805542, "passed": false}, "13": {"execution_time": 0.2558736801147461, "passed": false}, "14": {"execution_time": 0.27898740768432617, "passed": true}}}, "check_style_score": "0/1"}