{"version": "1", "message": "ERROR: Hidden Testcases server unreachable.", "problem_id": "ads2_m4_a1_1", "user_id": "kranthi27", "score": {"sample": {"0": {"execution_time": 0.25199294090270996, "passed": true}, "1": {"execution_time": 0.24625277519226074, "passed": true}, "2": {"execution_time": 0.36925745010375977, "passed": true}, "3": {"execution_time": 0.31990957260131836, "passed": true}, "4": {"execution_time": 0.20717358589172363, "passed": true}, "5": {"execution_time": 0.2651984691619873, "passed": true}, "6": {"execution_time": 0.2303333282470703, "passed": true}, "7": {"execution_time": 0.23264336585998535, "passed": true}, "8": {"execution_time": 0.2217240333557129, "passed": true}, "9": {"execution_time": 0.2010335922241211, "passed": true}, "10": {"execution_time": 0.19171667098999023, "passed": true}, "11": {"execution_time": 0.18632888793945312, "passed": true}, "12": {"execution_time": 0.16222691535949707, "passed": true}, "13": {"execution_time": 5.347829580307007, "passed": true}, "14": {"execution_time": 0.27716970443725586, "passed": true}}}, "check_style_score": "0/1"}