{"version": "1", "message": "ERROR: Hidden Testcases server unreachable.", "problem_id": "ads2_m4_a1_1", "user_id": "kranthi27", "score": {"sample": {"0": {"execution_time": 0.48915600776672363, "passed": true}, "1": {"execution_time": 0.379042387008667, "passed": false}, "2": {"execution_time": 0.2481684684753418, "passed": false}, "3": {"execution_time": 0.40901756286621094, "passed": false}, "4": {"execution_time": 0.42948198318481445, "passed": false}, "5": {"execution_time": 0.43468236923217773, "passed": false}, "6": {"execution_time": 0.53977370262146, "passed": false}, "7": {"execution_time": 0.4080531597137451, "passed": false}, "8": {"execution_time": 0.6605701446533203, "passed": true}, "9": {"execution_time": 0.5646572113037109, "passed": false}, "10": {"execution_time": 0.38445258140563965, "passed": true}, "11": {"execution_time": 0.46894049644470215, "passed": false}, "12": {"execution_time": 0.481461763381958, "passed": false}, "13": {"execution_time": 0.412003755569458, "passed": false}, "14": {"execution_time": 0.5630438327789307, "passed": true}}}, "check_style_score": "0/1"}