{"version": "1", "message": "ERROR: Hidden Testcases server unreachable.", "problem_id": "ads2_m4_a1_1", "user_id": "kranthi27", "score": {"sample": {"0": {"execution_time": 0.6805710792541504, "passed": true}, "1": {"execution_time": 0.4306144714355469, "passed": false}, "2": {"execution_time": 0.6359376907348633, "passed": false}, "3": {"execution_time": 0.5708358287811279, "passed": false}, "4": {"execution_time": 0.549363374710083, "passed": false}, "5": {"execution_time": 0.45287251472473145, "passed": false}, "6": {"execution_time": 0.5788860321044922, "passed": false}, "7": {"execution_time": 0.6094839572906494, "passed": false}, "8": {"execution_time": 0.7173275947570801, "passed": true}, "9": {"execution_time": 0.48552560806274414, "passed": true}, "10": {"execution_time": 0.6324658393859863, "passed": true}, "11": {"execution_time": 0.5532619953155518, "passed": true}, "12": {"execution_time": 0.47478461265563965, "passed": true}, "13": {"execution_time": 0.43695783615112305, "passed": false}, "14": {"execution_time": 0.5839312076568604, "passed": true}}}, "check_style_score": "0/1"}