{"version": "1", "message": "ERROR: Hidden Testcases server unreachable.", "problem_id": "ads2_m4_a1_1", "user_id": "kranthi27", "score": {"sample": {"0": {"execution_time": 0.45717597007751465, "passed": true}, "1": {"execution_time": 0.4970235824584961, "passed": false}, "2": {"execution_time": 0.5656359195709229, "passed": false}, "3": {"execution_time": 0.5051815509796143, "passed": false}, "4": {"execution_time": 0.4903736114501953, "passed": false}, "5": {"execution_time": 0.4898335933685303, "passed": false}, "6": {"execution_time": 0.5400545597076416, "passed": false}, "7": {"execution_time": 0.5231606960296631, "passed": false}, "8": {"execution_time": 0.6201481819152832, "passed": true}, "9": {"execution_time": 0.686335563659668, "passed": false}, "10": {"execution_time": 0.6440296173095703, "passed": false}, "11": {"execution_time": 0.4696989059448242, "passed": false}, "12": {"execution_time": 0.4722609519958496, "passed": false}, "13": {"execution_time": 0.5123457908630371, "passed": false}, "14": {"execution_time": 0.4789426326751709, "passed": true}}}, "check_style_score": "0/1"}