{"version": "1", "message": "ERROR: Hidden Testcases server unreachable.", "problem_id": "ads2_m4_a1_1", "user_id": "kranthi27", "score": {"sample": {"0": {"execution_time": 0.5124852657318115, "passed": true}, "1": {"execution_time": 0.5978267192840576, "passed": false}, "2": {"execution_time": 0.48339366912841797, "passed": false}, "3": {"execution_time": 0.31779956817626953, "passed": false}, "4": {"execution_time": 0.4134712219238281, "passed": false}, "5": {"execution_time": 0.3474557399749756, "passed": false}, "6": {"execution_time": 0.4072554111480713, "passed": false}, "7": {"execution_time": 0.4496650695800781, "passed": false}, "8": {"execution_time": 0.6392545700073242, "passed": true}, "9": {"execution_time": 0.38918566703796387, "passed": true}, "10": {"execution_time": 0.4458427429199219, "passed": true}, "11": {"execution_time": 0.46875762939453125, "passed": true}, "12": {"execution_time": 0.5201213359832764, "passed": true}, "13": {"execution_time": 0.40622711181640625, "passed": false}, "14": {"execution_time": 0.45603370666503906, "passed": true}}}, "check_style_score": "0/1"}