{"version": "1", "message": "ERROR: Hidden Testcases server unreachable.", "problem_id": "ads2_m4_a1_1", "user_id": "kranthi27", "score": {"sample": {"0": {"execution_time": 0.5307509899139404, "passed": true}, "1": {"execution_time": 0.46135449409484863, "passed": false}, "2": {"execution_time": 0.4652101993560791, "passed": false}, "3": {"execution_time": 0.37122130393981934, "passed": false}, "4": {"execution_time": 0.3690176010131836, "passed": false}, "5": {"execution_time": 0.44624948501586914, "passed": false}, "6": {"execution_time": 0.4185624122619629, "passed": false}, "7": {"execution_time": 0.41870617866516113, "passed": false}, "8": {"execution_time": 0.5768513679504395, "passed": true}, "9": {"execution_time": 0.3755636215209961, "passed": true}, "10": {"execution_time": 0.4832758903503418, "passed": true}, "11": {"execution_time": 0.37023496627807617, "passed": false}, "12": {"execution_time": 0.5152413845062256, "passed": false}, "13": {"execution_time": 0.4236483573913574, "passed": false}, "14": {"execution_time": 0.5171747207641602, "passed": true}}}, "check_style_score": "0/1"}